,steming_data
0,halonpc dewasa kit stunting
1,bayang t biayain bpjs sehat iur dokter pusing order periksa tindak sesuai butuh obat bayar pkmk anak stunting gratis rakyat senangsehat negara kuat sayang
2,wakil bupati luwu tegas kolaborasi cegah stunting
3,pemprov banten bareng bni bkkbn gaspol tekan stunting program genting geber kota tangerang bantu anak target nasional juta sasar stunting pemprovbanten bni genting pentahelix bkkbn
4,desa aur cina babinsa koramil pulau temiang kobar semangat lawan stunting
5,lagipusingpo lihat dinonya stunting
6,arsipaja capai kah fungsi mbak turun stunting ukur sukses program terima doang dibesarbesarkan
7,arsipaja prog ambisius populis minim manfaat biayanyapapun kritik dipaksakn lu jalan mbak mrupakan prog tipu efektif atas stunting slain mnyentuh akar mslhtrlalu crita daerah menu disiapkn dkonsumsi siswa
8,svgitarlus gajah stunting anjir
9,arsipaja nih target mbak standar capai data stunting turun ubah badan generasi mbak depan
10,data turun angka stunting ya
11,wali kota makassar dorong aksi konkret cegah kdrt stunting edukasi keluarga kunci
12,kuat kolaborasi cegah stunting pemprov banten bkkbn bni mang penting gerak gera orang tua asuh cegah stunting genting upaya langkah nyata dukung anakanak banten tumbuh sehat kuat informasi
13,tqdrlaziz arsipaja program mbak target capai juta terima turun stunting realisasi juta orang juli dampak minimal nutrisi batas ubah tren stunting nasional progres lambat sppg
14,arsipaja grok program mbak pengaruh angka stunting indonesia target tahun capai juli
15,dsyantie mbak bagus tuju siswa siswa miskin kwalitas makan bagus shg tuju utama cegah stunting capai
16,munafri arifuddin dorong aksi nyata cegah keras domestik stunting
17,menteri bkkbn apresiasi capai turun stunting kota tangerang
18,bjiiiirr tinggi prevalensi stunting bjir
19,eajparkiian lihat preview orang orang indonesia kayak stunting
20,catatanali cnnindonesia bahas hilir kemenyan stunting
21,program wadah nyata libat generasi muda isu strategis kota sampah rumah tangga stunting urban farming umkm
22,lungambedil gendisjkt bestiegendis stunning kocak stunting
23,curahanhatinim ya orang indonesia stunting ya maaf
24,babinsa lurah wetan damping serah paket genting cegah stunting babinsa lurah wetan koramil kalong utara kodim kalong hadir giat serah paket genting gera orang tua asuh cegah stunting
25,angka stunting nasional kota tangerang tuai apresiasi mendukbangga wihaji informasi lengkap
26,dinas bina marga cipta karya provinsi jawa laksana program opd desa damping turun angka miskin bantu paket makan tambah pmt balita stunting wasting underweight paket makan tambah
27,apel pagi kerja jajar asn nonasn camat rancasari rangkai program sedekah telur cegah stunting wilayah camat rancasari juli rancasarijuara
28,tni masuk posyandu balita oepoli sambut ceria stunting tantang mundur
29,omong stunting pagi doang gegara masuk top moots
30,wabup buleleng buka rembuk stunting satu cegah generasi gagal tumbuh
31,gue haters lele stunting btw mam cheesecake bm banget
32,bangun pasca pon kawasan kompleks olahraga sentani isu asmat tekan after urus gereja kelar bantu stunting saksi wamendagri papua tunggu gibran kayak
33,issapagethi issa cinta sih stunting
34,kartikaso banget dew stunting
35,walikota spalds solusi atas stunting kota bengkulu fokus baik lingkung baca lengkap
36,detikcom ckckck anak baca stunting
37,acaelepyu wkwk stunting kak
38,dinkes banda aceh upaya cegah stunting intervensi padu tingkat keluarga
39,kapolsek dolok masihul akp h simanjuntak sh personil polsek dolok masihul laksana giat bansos sembako keluarga stunting desa kuala bal camat serba kabupaten sergai wilayah hukum polsek dolok masihul
40,munafri ajak fatayat nu tekan keras rumah tangga stunting
41,wkwk pantesan gitasav bilang orang indonesia stunting contoh
42,babinsa tipes koramil sereng kodim surakarta serka sarmin serka anjasmoro hadir giat dapur sehat atas stunting bertmpt wilayah keluarga tipes kec sereng kota suka giat kunjung astrid widayani ss mbak wakil walikota surakarta
43,cccheyy matane stunting ik ya iyolah raono seng marake stres og selaine kuliah hahahaha
44,babinsa tipes koramil kodim suka serka sarmin serka anjasmoro hadir dapur sehat stunting selasa juli wib wilayah keluarga tipes rt rw kec sereng babinsasurakarta pendimsurakarta
45,cabbiesapple i called my ex tinggi budak kicik botol yakult lucu lucu please bilang stunting
46,angka stunting nasional turun prevalensi stunting hasil turun umum langsung menteri sehat budi gunadi sadikin rapat kerja komisi ix dpr ri selasa generasisehat penjagaharapan
47,babinsa tipes koramil sereng kodim surakarta serka sarmin serka anjasmoro hadir giat dapur sehat atas stunting wilayah keluarga tipes rt rw kgiatan kunjung astrid widayani ss mbak wawali surakarta babinsasurakarta pendimsurakarta
48,ayo dukung bersamasama upaya anak kota tangerang tumbuh optimal penuh potensi stunting
49,emerintah kota tangerang komitmen upaya turun angka stunting generasi sehat kuat program upaya angka stunting hasil turun
50,suneoook ya ampun ex tbtb subur stunting
51,bhabinkamtibmas polsek bangun hadir cinta dukung program rumah desa sehat cegah stunting
52,bdoel fortunerpajero songong tau fortuner stunting kesal
53,ideolize loli istilah stunting ya wkwkwk
54,anggota koramil herlang salur bantu sembako anak stunting camat herlang bulukumba anggota koramil herlang mebagikan bantu paket sembako salur anak alami kondisi stunting herlang selasa
55,perintah kota tangerang komitmen upaya turun angka stunting generasi sehat kuat program upaya angka stunting hasil turun ayo dukung
56,beri makan tambah anak stunting ta website resmi desa sembirkadipaten camat prembun kabupaten kebumen
57,sih normalisasi a women being short istg thinking that short women literal kids norak tau orang badan tara kah kadang sebel banget katai stunting stunting hurts
58,mimittsue maaf serius baca akak mode stunting bule behavior banget anjrit urus mode bocil wkwkw
59,sunshinekim ngeyel cyrene anak perkara leaker bilang cyrene adult model kocak anjir storynya cyrene mode stunting mode onee san tuh dianggep amal kali ya
60,vinoalvino ekstrim langsung saing foreign teammate orang wakanda stunting gizi keju susubelum saing teknik sepakbola sport intelligence cakap bahasa inggris coach asing
61,bicara ibuibu komplek daftarin anak stunting lebih gizi senang ya penuh butuh anak stunting alesannya biar bantu
62,stunting masalah serius butuh perhati tangan sadar yayasan korindo dukung nyata program bagi nutrisi kit hamil pilih program
63,syelaaaaaaa anak gedem mlenuk stunting
64,program makan gizi gratis tuju siswa indonesia lepas stunting indonesia emas penuhigiziindonesia
65,program makan gizi gratis tuju siswa indonesia lepas stunting indonesia emas penuhigiziindonesia
66,program mbak tuju kurang angka malnutrisi stunting tingkat kualitas didik papua papuatengah papuahits jayapura nabire jayawijaya merauke mbak mbgpapua mbgmajukanpapua
67,babinsa bontotengnga koramil sinjai borong kodim sinjai laksana damping posyandu dusun tajjuru desa bontotengnga camat sinjai borong kabupaten sinjai upaya dukung program perintah cegah stunting selasa
68,syinsyon putih stunting
69,endlessrove iya jaman ubah ganti ruh dasar komunikasi jaman jebot kiamat hati nurani akal budi asah iqra jauh stunting iman agama iman
70,kabupaten belitung timur stunting mudah atas lihat daging dapat pribadi mudah orang makan daging bagus seafood susul
71,till kena stunting yeh
72,duta pariwisata banten kayak main duta duta kocak banget menang public speakingnya gagap backgroundnya model presentasi duta pariwisata menang voting vote ya ribu mending uang cegah stunting pesisir jir
73,juta terima manfaat indonesia rasa langsung manfaat program makan gizi gratis mbak tekan stunting mbak dukung kualitas didik ekonomi lokal dampak produksi bandeng rembang tingkat kali lipat
74,juta terima manfaat indonesia rasa langsung manfaat program makan gizi gratis mbak tekan stunting mbak dukung kualitas didik ekonomi lokal dampak produksi bandeng rembang tingkat kali lipat
75,mendukbangga wihaji bonus demografi optimal lapang kerja tangan stunting
76,marinmoonbeam iya tidur babik stunting
77,tanyarlfes kaya stunting
78,kanit binmas ipda supono hadir giat rembug stunting tempat aula balai desa patemon tuju rembug stunting cari data stunting baru butuh giat laksana masuk dalam musrenbangdes
79,kunci sukses data logistik kader integrasi mari wujud generasi bebas stunting nihayatulwafiroh cegahstunting posyandu giziseimbang pkb dpwpkbjatim lebahtv stuntingbisadicegah generasisehat komisiixdprri
80,nihayatul wafiroh integrasi data edukasi gizi turun angka stunting hamil integrasi data posyandu amp dapur gizi edukasi gizi langsung masyarakat pasti standar makan bgn sesuai atur
81,txtdaritax anak stunting sila protes dpr ri
82,rosblokngitis bebekgendu segitu kak copot stunting
83,dukung mbak bantu turun angka stunting nasional faktaindonesia makanbergizigratis dukungmakanbergizigratis dukungprogrammakanbergizigratis
84,gweh obat diinjek bilang stunting dokterna tahi
85,kakak omong doang tinggi kakak adek bilang stunting bzirr kakak beda wkwkwk
86,peran vital bidan tangan cegah stunting kota batam
87,dukung mbak bantu turun angka stunting nasional faktaindonesia makanbergizigratis dukungmakanbergizigratis dukungprogrammakanbergizigratis
88,mwinghaoo katain stunting
89,wujud indonesia bebas stunting program makan gizi gratis langkah nyata gizi anak dukung faktaindonesia makanbergizigratis dukungmakanbergizigratis dukungprogrammakanbergizigratis
90,munvess pohon mangga gue stunting
91,lokiburnsout mending pikirin mun melon stunting
92,kompascom presiden negeri atas sok sok an mediator makan gizi gratis bukti stunting turun honorer gaji bukti korupsi berantas bukti efisiensi utang
93,azharzhd halo sdm rendah indonesia sebab akses didik batas partisipasi sd unesco kualitas didik buruk peringkat pisa rendah sehat lemah stunting who miskin minim latih terampil timpang sosial faktor budaya
94,mafiawasit ya anak indonesia stunting sulit main sepakbola atas sulit saing fisik sepakbola thailandrata pria atas atlitnya
95,cuanpunya drewmattsky raychiziyu psppluto adabskena katai otak stunting pendek gendut wkwkwk cewek pendek berat aduh bayang bantet jelek opini bodoh
96,mwinghaoo baca stunting maaf hyung
97,issapagethi menang entar makan sih stunting tau plak
98,cuanpunya psppluto adabskena wkwkw opini tolol cewek miskin kabupaten otak batas pendek stunting kembang minimal baca tahu biar dongo oiya anak kabupaten akses ya kasihan deh strict ewwhhh just die bich
99,indonesiajadi program mbak presiden prabowo bukti perintah serius atas stunting dorong ekonomi
100,bupati lombok timur h haerul warisin peran krusial bidan tekan angka mati aki angka mati bayi akb tangan stunting
101,itscaryss tidur omong tok dalang stunting
102,albetveqe amin pik ncen asah kasabaranku sing dasare guduk sabar jare arek gaoleh dipekso mangan ya gaoleh kuru stunting kesal
103,biar anak stunting
104,program mbak upaya tekan stunting sejahterahkan masyarakat
105,bhabinkamtibmas lurah polsektegalrejo aiptu binarto pokmas dais salur bantu program makan tambah pmt warga milik balita senin bantu paket telur omega tuju tingkat gizi cegah stunting
106,eunbi program entas stunting desa
107,bobbyrisakotta dedimulyadi daerah judol anggur miras oplos stunting korupsi tetek benyek wakakak agama nomor
108,program mbak upaya tekan stunting sejahterahkan masyarakat
109,program atas stunting tuh awikwok subuh mandi gua malas antri
110,tablet darah yuk rutin konsumsi ttd cegah anemia lahir anak stunting haid lancar drama nyeri bangun tidur fresh lemes
111,sakjane pemrenta upaya urus stunting mbak ya ya
112,upaya dukung program cegah stunting babinsa koramil banawa serda irwan hadir giat posyandu melati ii gunung bale gelar kantor lurah gunung bale jalan jati lurah gunung bale camat banawa kabupaten donggala senin
113,hrdbacot ya akar didik pilih prabs mbak fungsi stunting realisasi deliver alias total loss akwkwkwkw uang negara buang anak efek gizi akwkwkwkwk stunting fokus orang
114,bpkp kalteng laksana damping susun fraud risk assessment upaya tingkat efektivitas kendali korupsi sektor entas miskin kabupaten kapuas sektor cepat turun prevalensi stunting kabupaten pulang pisau
115,jokowi tegas stunting muara anak indonesia sulit saing memori juli
116,anak stunting geoguessr
117,program mbak upaya tekan stunting sejahterahkan masyarakat
118,hanakwoo stunting njingg
119,asphirede tok dalang ketua guild stunting
120,program mbak upaya tekan stunting sejahterahkan masyarakat
121,program mbak upaya tekan stunting sejahtera masyarakat
122,minum rutin kali minggu haid sesuai anjur kemenkes cegah anemia tekan resiko anak stunting pas hamil cocok bikin mual mudah cari
123,apresiasi provinsi dki jakarta komitmen dukung program bangga kencana cepat turun stunting sempat kepala dinas ppapp dki jakarta iin mutmainnah lapor ingat harganas
124,masalah keluarga jakarta sehat didik sejahtera turun angka stunting target persen gubernur pramono komunikasi buka erti
125,notfound arcilenz genderuwo stunting nongol apes banget
126,generasi emas anak hak tumbuh sehat kuat sahabat program makan gizi gratis mbak hadir cegah stunting penuh gizi imbang anakanak hamil susu juni
127,stunting ganggu tumbuh anak sebab kurang gizi jangka tanda badan pendek banding anak usia
128,abinsa koramil semanu kodim gunungkidul sertu warsito hadir acara rembug stunting konvergensi cegah stunting rencana desa tempat balai kalurahan candirejo
129,babinsa koramil paliyan gunungkidul serka rohmadi hadir giat rembug stunting kalurahan krambil sawit tempat balai kalurahan krambil sawit
130,babinsa koramil min kodim gunungkidul serka andilala ikut giat rembug stunting kalurahan bulurejo tempat ruang temu kalurahan bulurejo
131,babinsa koramil wonosari kodim gunungkidul serka maryono hadir giat sosialisasi isi data stunting aplikasi ehdw tempat balai kalurahan piyaman kapanewon wonosari
132,mbuat rumah cilikcilik lek pakai sketsa rancang bangun pokok kartu sing isok ndek gosokgosok sudut pandang animusanima bocah sopo nggawe boto hebel tegak mbiyen ngono kuwi dompet e stunting
133,program makan gizi gratis manfaat penuh gizi nasional tingkat gizi anakanak indonesia khusus daerah pencil rentan stunting malnutrisi penuhigiziindonesia
134,program makan gizi gratis manfaat penuh gizi nasional tingkat gizi anakanak indonesia khusus daerah pencil rentan stunting malnutrisi penuhigiziindonesia
135,tekan angka stunting dpkcpk kabupaten malang gencar bangun ipal komunal googlealerts
136,program makan gizi gratis tuju siswa indonesia lepas stunting indonesia emas penuhigiziindonesia
137,program makan gizi gratis tuju siswa indonesia lepas stunting indonesia emas penuhigiziindonesia
138,dpakb jember cegah stunting kendali kawin anak
139,tanyakanrl lo stunting
140,saksi momen sama ajar aksi nyata video singkat mari gerak cipta generasi emas bebas stunting aftermovie sipatokkongbernutrisi formakesmasuh unhasberkarya
141,giat wujud nyata kolaborasi lintas sektor upaya cegah stunting edukasi gizi suluh sehat dekat partisipatif masyarakat
142,program makan gizi gratis mbak upaya strategis tekan angka stunting sejahtera masyarakat makanbergizigratis cegahstunting kesejahteraanmasyarakat indonesiasehat gizianak
143,quick win menteri duduk bangun keluarga bkkbn taman asuh anak lansia daya gera orang tua asuh cegah stunting gera ayah teladan ai superapps keluarga kemendukbangga bkkbn bkkbjatim dppkbponorogo penyuluhkb ipekb
144,babinsa koramil sinjai timur dukung program cegah stunting damping posyandu dusun bakae desa saukang camat sinjai timur kabupaten sinjai senin tniad dispenad puspentni tniindonesia
145,mpls degan upacara kelas fokus ecek anak postur stunting sedih banget nanyak anak tumbuh kembang sempurna era digital loh paham mbak
146,kapolsek padureso iptu sumaryadi sh hadir undang kegiatankegiatan musyawarah desa khusus musdesus tahan pangan bahas cegah stunting desa padureso
147,wabup luwu timur puspa buka mini lokakarya stunting malili bkm wakil bupati luwu timur ketua tpps hj puspawati husler resmi buka giat mini lokakarya cepat turun stunting tingkat kabupaten luwu timur ya
148,parepare aisyiyah st khadijah bakti sosial parepare bkm pimpin daerah aisyiyah kota parepare salur bantu beri makan tambah pmt hamil balita upaya dukung program cegah stunting ukur gizi
149,kota bandung hadap tantang gizi kompleks stunting obesitas picu sakit tular diabetes jantung kanker gaya hidup pola konsumsi faktor utama hidup sehat bijak
150,sodvok kelinci stunting
151,mikailashore piyusaja malaria turun derita stunting turun papua papua barat program jamin sosial pkh jamin layan anak perempuan difabel kuat
152,mikailashore piyusaja sehat amp sejahtera sosial juta orang terima kartu indonesia sehat kis program nusantara sehat gelar malaria turun derita stunting turun papua papua barat
153,cetus nickname stunting bobo manis hanakwoo ceker ikan lupa tidur
154,hioshiyo hanakwoo llagian stunting banget tulang rusuk
155,issapagethi tau kalah jalan rumah ijo kakek stunting
156,issapagethi metada metadu stunting tido
157,diemjangan stunting petite sih
158,issapagethi plis serius deh sih stunting banget guna rekor hidup kslo endingnya mati gara gara ngaduk dodol ya
159,issapagethi plis anitwt tau rekor hidup sih stunting
160,diephoria lucu jir batang kayak stunting
161,hanakwoo issapagethi dbreamwalker stunting anjir sapa cetus bsbs ya pikir
162,issapagethi iya rispek king stunting
163,hioshiyo issapagethi dbreamwalker anjir sih stunting rekor hidup banget buset
164,hanakwoo ya ajak anitwt mikir kakek stunting
165,liaakms hanakwoo dbreamwalker ih tok dalang prestasi kakek cukring kerempeng stunting
166,liaakms dbreamwalker issapagethi yakan anjay lupa banget sih stunting
167,liaakms dbreamwalker issapagethi lucu banget sih stunting
168,dew stunting
169,askdika efek stunting porsi mbak
170,thkiveak omong stunting kah
171,gue beli pc dew stunting lhoooo kasihan anjir dew kena stunting
172,gede banget mengnya kucing rumah gue kayak tahun doi stunting ya
173,ravindra airlangga turun stunting jawa barat signifikan kuat edukasi gizi bahlillahadalia kuningkeren golkarindonesia partaigolkar golkarpedia
174,stunting fokus utama pemkot pakai surabaya gencar bwse jilid iv
175,bappeda update perintah kabupaten tangerang badan rencana bangun daerah bappeda kabupaten tangerang gelar rapat koordinasi tim gebrak tim cepat turun stunting tpps jumat
176,bonus demografi optimal lapang kerja tangan stunting menteri duduk bangun keluargakepala bkkbn wihaji tekan optimalisasi bonus demografi buka lapang kerja sesuai duduk usia produktif
177,preciosakanti ekonomi beli makan gizi sasar mustinya pilah mbak siswa tunai orang tua bulan awas bantu sekolah sasar atas stunting
178,surabaya gempur stunting sasar baduta risiko libat dokter spesialis anak stunting pemkotsurabaya
179,modus sigh r londri gibran koruptor usaha jual organ manusia judol narkoba kedok usaha cuci uang peduli rakyat mati stunting orang miskin kayak pesta pork
180,simgracee biar anak stunting sayang
181,ailovesylus asl stunting
182,arsipaja terimakasih stunting pilih stunting kabinet
183,kuat gizi imbang harap cegah stunting bentuk generasi indonesia unggul mbak investasi jangka bangsa indonesia cipta anakanak sehat cerdas hadap
184,anfess stunting banyak makan kue
185,tekan angka stunting baik kualitas hidup generasi muda awas ketat distribusi rata program rawan sasar ruu tni sorot publik posisi strategis militer
186,kayak stunting gue banding adik gue
187,notfound teman halo sudi banget teman genderuwo stunting kaya lo proyy
188,giat usung edukasi gizi cegah stunting dekat partisipatif libat masyarakat aktif sipatokkongbernutrisi formakesmasuh unhasberkarya cegahstunting
189,stunting
190,keren ya program anti stunting puskesmas drop kader posyandu kader langsung anak duga stuntuling antar rumah pagi apresiasi kader kerja ikhlas nganter ndata not everyone will be willing and sincere
191,cegah stunting tugas perintah tanggung bangsa peduli penuhigiziindonesia cegahstunting sinergitasuntukbangsa
192,mendukbangga wihaji siap dream team tangan stunting bahlillahadalia kuningkeren golkarindonesia partaigolkar golkarpedia
193,tanyakanrl bagus kak perempuan anjur konsumsi ttd ya cegah anemia dannn investasi biar anak stunting menstruasi minum ttd kali menstruasi minum ttd kali minggu
194,jadi stunting musuh ayo cegah stunting
195,makan gizi gratis anak sehat cegah stunting wujud indonesia emas ayo dukung makanbergizigratis cerah
196,makan gizi gratis anak sehat cegah stunting wujud indonesia emas ayo dukung makanbergizigratis cerah
197,thats stunting
198,makan gizi gratis anak sehat cegah stunting wujud indonesia emas ayo dukung makanbergizigratis cerah
199,makan gizi gratis anak sehat cegah stunting wujud indonesia emas ayo dukung makanbergizigratis cerah
200,makan gizi gratis anak sehat cegah stunting wujud indonesia emas ayo dukung makanbergizigratis cerah
201,makan gizi gratis anak sehat cegah stunting wujud indonesia emas ayo dukung makanbergizigratis cerah
202,niayaania alocasiaa sutisnamuh arsipaja kontra pro anak sekolah isi mbak pikir memang stunting cegah pas sekolah pikirpikir semenjak mbak tau makan pring
203,stunting sih jink bahasa
204,plt kepala dinas sehat kubu raya sambut sosialisasi germas cegah stunting ptm kuburaya dinkeskkr promkeskkr germas cegahstunting waspadaptm
205,proyeksi ekonomi kuat program prioritas upaya cepat tanggulang miskin inflasi stunting kalteng
206,cloreinnde akibat cebol banget stunting
207,wkwwkkw ajg stunting
208,jogjabase endokk ya salam kyo toddlerku saben dino rebusne telor biar stunting
209,gue ngos ngosan lihat postnya i mean anjing cakep banget kemapa pamer biceps beh allahuakbarrrrr you look stunting
210,atas stunting akar perintah bentuk dream team dream team lintas menteri lembaga bentuk ngatasi stunting tantang indonesia baca lengkap stunting indonesia kiddos healthylife medical dreamteam
211,tanyakanrl wajib minum obat tambah darah asam folat investasi jangka tubuh anak stunting darah hebat lahir tambah darah haid
212,rapp kolaborasi wujud komitmen cepat turun stunting riau
213,tanyakanrl minggu kak haidmens minum tablet cegah anak stunting kak
214,gapaham main anjaaaay tanam orang kayak raksasa tanam stunting cimit sedih
215,tanyakanrl cegah turun stunting
216,stunting sih
217,maskot kempes lucu banget jir stunting
218,sebelumberlayar lembagakeris indonesia darurat stunting
219,lemuyapper bjil typo mau ngejek jilpa bilang stunting
220,tanyakanrl sender cewek minum nder cewek anjur minum ttd minggu keluar darah cegah anemia lindung anak stunting sok girls ayo minum ttd
221,mbak program makan gratis strategi jangka negara cegah stunting bangun gemilang anakanak bangsa makanbergizigratis manfaatmbg cegahstunting dukungmbg indonesiaemas
222,lostlyboy teman gue rokok stunting rokok seruas jari
223,lrt anaxa kurus banget pls stunting kah kayak aven dua suapin
224,kapolres bireuen akbp tuschad cipta herdani sik komn unsur forkopimda hadir acara launching adhyaksa peduli stunting gelar lapang bola kaki ude jangka camat jangka jumat juli
225,mortislilium stunting terbit stinting kah
226,ellacours ayam geprek bikin stunting
227,ailovesylus stunting jil
228,keluarga risiko stunting bantu internasional
229,stunting cegah siap mbak solusi nyata sdm unggul makanbergizigratis manfaatmbg cegahstunting dukungmbg indonesiaemas
230,sesal mbatin pergi renti coba wahana jakarta pas ngisi kelas stunting
231,lemuyapper cantik katai stunting
232,ellacours mah stunting banyak mam ayam geprek
233,hyawcine akak banget katain stunting stunting imut turut
234,wahyono apresiasi pemkab kapuas hasil turun angka stunting signifikan pdiperjuangan
235,cakap malming edisi baju pas gue pakai adek gue sd gue hana ki stunting ya gue anjir iya kali berat kilo
236,hyawcine ketawa banget bilang stunting mbak korup lygus real form sih sia siain chance jual elysia leaks kemarin bilang cyrene elysia expy kayak bilang playable formnya elysia expy
237,rangka dukung program perintah tangan stunting tingkat kualitas sehat anak bhabinkamtibmas kalurahan ringinharjo aipda andri laksana damping monitoring giat posyandu balita wilayah bina polripedulianak
238,pompomfess stunting aedes elysiae butuh mbak kah
239,kena stunting hahshah ya cyrene form reveal model fu xuan tua tua gumpal
240,fakk kena stunting
241,bloomjinu tipsnya rakit anak biar stunting kayak emak gue ngerakitnya versi mini
242,pompomfess anjir stunting wkwkwk
243,pompomfess ya allah kena stunting entar kasih mbak
244,pomspoiler cewek trailblaze mission since has been confirmed that cyrene is an adult cyrene pendek kena stunting kah
245,paramount petals gelar program entas stunting balita donat canting kabupaten tangerang
246,petite stunting beda
247,paramount petals gelar program entas stunting balita donat canting kabupaten tangerang
248,anak salah aset negara lindung jaga penuh kasih sayang tau sih stunting sakit loh anakanak indonesia seram bahaya sehat maju
249,moonmelon stunting habis dah erti
250,anak stunting stunting anak tbc
251,rendangule renti ketawa gegara stunting bjirrr
252,abcdeaj pepapepi eajpark stunting stunning ya maksud
253,amirwawan akudipsi merapiuncover nk bgian gulung rantai kpal awak e mesti keker mas ora stunting
254,babinsa warga sinergi tekan stunting bagi makan gizi penulisfaisalmuhammad tniad tniprima tnibersamarakyat tnidihatirakyat tnimengabdidanmembangunbersamarakyat prajaraksakaperdulirakyat cek berita lengkap disinigtgt
255,helidunn imamw iammieayam quidnunc silasil noh noh kritik sila desa lurah pakai kerja honor kader posyandu stunting jumantik orang pakai desa opini menggeneralisir broh pehh
256,giat suluh dewasa usia kawin cegah stunting kantor lurah tanjung penyembal camat sungai sembilan
257,laki gue nelfon mamak kakak ngejelasin vaksin gizi stunting mpasi pintar banget ya gue
258,pakai tugas berat masyarakat rawan terjun lapang tangan stunting gizi buruk keluarga miskin urus kb urus hamil imunisasi naon deui ya organisasi jalan program perintah beban negara kerja bayar
259,mendukbangga wihaji bentuk dream team tangan stunting
260,bati wanwil koramil toroh pelda muarifin ikut giat mini lokakarya cegah stunting wilayah camat toroh kantor suluh kb camat toroh jumat
261,bogalakon haloiyas prabowo gerindra orang indognesia korupsi apa jalan negeri minder culun pesek dekil stunting mikropenis letoy katrok jelek udik ndeso keren uang ln pas beli property premium
262,hysilenseu oh bjirr kasi stunting ya
263,rafayelwifes lemuyapper alah min keluarga stunting cenah
264,lissyaalr pendek banget stunting kah
265,celesterare keluarga stunting
266,skeptyic stunting kali ya
267,rapp kolaborasi wujud komitmen cepat turun stunting riau
268,cupangfish bluebisquitt tahu desa dana dana titip jalan program prioritas menteri kayak stunting mgb dll
269,dudyrudianto stunting adab jabat publik
270,percumva celiyayy stunting kuping gajah gagal tumbuh
271,tanyakanrl nder kg f stunting minder n syukur stuck bb lihat mslhmu syukur nder check dokter nder wajar mnurutku ovt amp stres
272,bokb komitmen perintah tingkat kualitas hidup keluarga amp dukung cepat turun stunting tingkat anggar ku prioritas perintah program harap manfaat rasa luas masyarakat
273,arcanoes eh gue pas kkn proker utama universitas stunting anak kesehatanapa bijak pusat ya
274,kolaborasi april group tanoto foundation yayasan cipta kuat cepat turun stunting riau
275,kolaborasi april group tanoto foundation yayasan cipta kuat cepat turun stunting riau
276,chweenia sinting salting stunting
277,mtchh yourboydinn kampanye program mbak pakai sensemau atas stunting ya anak kandung kasih mbak serta obatvitamin
278,babinsa koramil batang kodim jeneponto serda jufri hadir giat musyawarah desa rangka konvergensi cepat cegah amp tangan stunting gelar kantor desa cambacamba camat batang kabupaten jeneponto jumat
279,perintah baik stunting mbak
280,dinkes mataram provinsi nusa tenggara barat angka stunting mataram mei turun persen persen stunting balita beritaterkini
281,sahabat perempuan anak yuk suara cegah stunting rumah komunitas bijak publik sendok gizi langkah indonesia esok harianaknasional
282,anakanak terima waris milik abai esok pilih ayo jadi cegah stunting gera cegah stunting lindung harianaknasional
283,cegah stunting tugas ayah kakeknenek tenaga sehat komunitas guru perintah peran harianaknasional
284,anak alami stunting tumbuh kembang lambat rentan sakit cerdas optimal risiko miskin turuntemurun tingkat dampak lintas generasi harianaknasional
285,tahu anak indonesia alami stunting stunting cegah hamil anak usia periode emas hidup harianaknasional
286,generasi emas bebas stunting investasi gizi stunting anak tubuh pendek ancam serius bangsa mari cegahstunting anakindonesiabersaudara harianaknasional anakterlindungi
287,mindset turun anak yaudah sekolah gizi penuh stunting sehat faktor miskin struktural suka baca ajar
288,dinas sehat kota mataram provinsi nusa tenggara barat uji coba program lingkung nol stunting program tingkat sadar masyarakat sanitasi bersih lingkung pola hidup bersih beritaterkini beritantb
289,rezafahhsb geloraco hadeeuuuh lho niat ya program mbak turun angka stunting presiden prabowo upaya berantas koruptor lanjut mbak
290,babinsa koramil kandang dukung rembuk stunting desa tibung raya wujud dim dispenad puspentni kodamvimlw pendamvimlw koremant penremant
291,updatecakrawala cegah stunting mbak tameng sehat anak bangsa penuhigiziindonesia makanbergizigratis
292,proceed have useless meetings hotel bintang if they able with those kpackage snacks lunchdinnernya rakyat stunting busung lapar even tewas kelaperan oh ironi
293,gizi imbang cegah stunting bentuk generasi unggul citacita bangsa capai program makan gizi gratis penuhigiziindonesia
294,dwikiputr kemgelapan program mbak perintah upaya baik gizi anak turun angka stunting lanjut mbak
295,ajar cina turun stunting
296,optimalisasi pangan merauke cegah stunting
297,optimalisasi pangan merauke cegah stunting
298,ziimey alocasiaa sutisnamuh arsipaja imo ahli gizi tuju program cegah stunting usia sekolah hpk makan tunjang tumbuh anak stunting anak stunting sikasih makan gula gemuk
299,build phainon kaya jelek banget jir ksi sih pienon stunting
300,polsek teluk nibung hadir miniloka karya lintas sektor bahas cepat turun stunting kapolsek teluk nibung pesan kamtibmas humanis generasi sehat aman cegahstunting polripedulistunting kamtibmasuntukanakbangsa presisi
301,liabilitree unpleasant stuff dilakuin mokondo direplikasi cowok duit rarely duit mikir pikir orang hidup mentally stunting sial
302,mikir gaksi anak stunting gizi orangtuanya usaha keras ada nasi pakai kuah bakso mie pakai nasi nasi garem sayur kadang segar coba orang indonesia makan
303,polri aktif dukung cegah stunting desa lambar kapolsek tigapanah hadir sosialisasi imbau kamtibmas polrestanahkaro kapolrestanahkaro humaspolrestanahkaro
304,mun melon seeds bantet pasang sprinkler tumbuh stunting
305,chaefuko iya stiker katai kodok stunting bocah gila
306,giat patroli aman acara buka gera cegah stunting ingat gizi nasional acara buka langsung bupati pringsewu h riyanto pamungkas lapang mini pandansurat camat sukoharjo
307,program mbak kontribusi langsung turun angka stunting faktaindonesia makanbergizigratis manfaatmakanbergizigratis dukungprogrammakanbergizigratis
308,dasar stunting
309,sbyfess oalah mas mass stunting
310,dana desa fokus tingkat layan sehat cegah turun stunting ada fasilitas sehat posyandu tingkat akses air bersih sanitasi danadesa kabupatensimalungun bangundesabangunindonesia
311,pompomfess bgust min critku stunting
312,tau tuju mbak arah anak anak sekolah atas stunting atur hamil kasih
313,jebiiya iya stunting tinggal mama
314,nadiravall arsipaja kak data stunting gizi buruk mayoritas alami balita butuh mbak usia sekolah program beri makan sehat sempurna balita stunting jalan
315,indahrosianaaa arsipaja anggap anakanak makan data stunting gizi buruk daerah mbak jangkau kelompok rentan luput perhati
316,iriawandeddy siregarnajeges laksana sempurna mbak langkah atas gizi buruk stunting program butuh evaluasi terusmenerus niat arah
317,strategi lampung lanjut aksi cepat turun stunting
318,sanjani memecomicindo program mbak potensi tekan angka stunting kuat generasi kelola transparan dampak indonesia
319,giat laksana morazen yia hadir unsurunsur tingkat lapang aksi konvergensi turun stunting implementasi tingkat kabupaten tingkat kapanewon kalurahankelurahan
320,dinas pmkal dalduk kb bapperida kabupaten kulon progo laksana sosialisasi kenal aplikasi aksi konvergensi cepat turun stunting giat sosialisasi sasar kapanewon puskesmas tugas lapang keluarga rencana plkb
321,kopitem kompascom peduli bangsa kasih makan gizi anakanak sekolah biar depan panen generasi stunting mikir
322,edy wuryanto kritik program mbak efektif turun angka stunting pdiperjuangan
323,program makan gizi gratis mbak hadir atas stunting malnutrisi anak dpr ri bgn wujud generasi sehat songsong makanbergizigratis
324,jakiiyyuu merapiuncover jajah pimpin peres kering smkn gemuk rakyat stunting
325,program mbak kontribusi langsung turun angka stunting faktaindonesia makanbergizigratis manfaatmakanbergizigratis dukungprogrammakanbergizigratis
326,kenyang jir dobbies disuapin kali hari anti stunting
327,kembang budaya lur tahan pangan tangan fenomena stunting
328,arsipaja makaa pnanganan khusus unk hamil gizi pola makan perkmbngan janin biar mlhirkn anak stunting dll anak balita pnanganan lnjut gizi lingkung dll pantau pr indonesia banget atas dana sibuk korupsi
329,program mbak kontribusi langsung turun angka stunting faktaindonesia makanbergizigratis manfaatmakanbergizigratis dukungprogrammakanbergizigratis
330,arsipaja sebenrnya mbak salah pnyalurannya akar kbodohan stunting salah satu gizi prbaiki gizi otak pintar mlhirkan generasi unggul baik kualitas pndidikn memaksimlkan pndidikan minimal si
331,kembang budaya lur tahan pangan tangan fenomena stunting
332,menkes libat bgn tingkat nutrisi hamil langkah antisipasi stunting nusantaranews stunting ibuhamil
333,program makan gizi gratis mbak dpr ri badan gizi nasional bgn upaya baik kondisi gizi anakanak langkah kurang angka stunting generasi tumbuh sehat kuat
334,wujud generasi emas wali kota tangerang bantu gizi balita risiko stunting
335,menteri duduk bangun keluarga mendukbangga beri mbak bumil mnyusui mnurutnya rangka menurunkn angka stunting capai lanjut mbak supportmbglawanstunting diogo jota pan rest love rabu selat bal
336,elthemis sunedi stunting gara kasih makan gopherwood
337,paramount petals rang stunting curug ambil peran orang tua asuh balita tangerangnews
338,program mbak bawa dampak positif tumbuh ekonomi warga sppg tuju utama cegah stunting lanjut mbak sasar rata pelosok supportmbglawanstunting diogo jota selat bal
339,daging sapi murah umr gede jrg stunting protein baik gr muahal umr ternak dikit appresiasi anak milenials jrg stunting you guys good at parenting next turn for gen parenting
340,babinsa kalurahan wonolelo serka purwanto serda sudiyanto koramil pleret kodim bantul hadir giat rembug stunting musyawarah tetap tim bina posyandu urus posyandu
341,chillajjaa eh stunting loh mosok kg isine dosa tok
342,pakai ploso apresiasi bunda ana inovasi cegah stunting senam lansia angka stunting turun lansia aktif
343,upaya dukung cepat tanggulang stunting babinsa koramil luak kodim kota serka suharmil hadir giat rembuk stunting wilayah bina nagari mungo camat luak kamis
344,paramount petals edukasi serah bantu gizi balita stunting curug
345,cegah stunting generasi muda sehat bukit asam turun tangan usaha cegah tangan stunting gizi buruk program liput beri makan tambah edukasi gizi pantau bukitasam energitanpahenti
346,adhyaksa peduli stunting jaksa aceh kota lhokseumawe
347,program mbak bangga dunia satusatunya program makan gizi gratis hamil balita langkah nyata indonesia cegah stunting supportmbglawanstunting no vc selat bal jeddah kmp tunu pratama jaya haknyeon
348,rundown sidang skripsi buka acara buka walikota baca ayam bekakak lomba kicau burung unjuk bakat gue papar cegah stunting papar materi sidang maksimal tutup foto
349,wakil gubernur pulau bangka belitung hellyana kunjung kerja salah posyandu desa tanjung binga camat sijuk kabupaten belitung kamis
350,legendhwa ajar katai stunting
351,wujud generasi emas sachrudin serah bantu balita risiko stunting
352,sahabatbahari rabu juli fatmah sapa suluh ikan kabupaten bone giat damping salur bantu sosial sosialisasi kait stunting keluarga sehat sosialisasi kait kartu suka nelayan
353,wujud generasi emas sachrudin serah bantu balita risiko stunting informasi lengkap
354,program mbak tuju tingkat status gizi hamil balita cegah stunting sehat program mbak dampak positif signifikan sehat sejahtera masyarakat supportmbglawanstunting no vc ano rats only pig
355,perintah tanjabbar jambi klaim serius tangan stunting dekat kolaboratif jambi
356,kemendukbangga fokus tangan stunting bentuk tim khusus kuat kolaborasi
357,program makan gizi gratis mbak bukti turun angka stunting hidup pasar rakyat umkm lokal suplai bahan makan lanjut mbak ekonomi warga kuat supportmbglawanstunting no vc selat bal rabu dream sih rebecca
358,program mbak tuju cegah stunting anakanak dorong ekonomi warga program mbak dampak positif luas sehat ekonomi masyarakat supportmbglawanstunting no vc selat bal only pig no rate
359,siregarnajeges tipu oky paham indonesia darurat stunting saat malaysia jepang krisis beras indonesia swasembada beras pangan utama
360,ikeumeongg heol omega super apa anak stunting
361,rang stunting perintah bentuk dream team beritanasional stunting dreamteam
362,tekan angka stunting pemkab kendal serah bantu pangan jatenggayeng
363,program mbak hadir bangga indonesia satu dunia mbak dukung nyata hamil balita tumbuh sehat kuat bkkbn wujud generasi bebas stunting lanjut mbak supportmbglawanstunting
364,program mbak hadir tingkat kualitas sdm gizi imbang cegah stunting bentuk generasi unggul dukung gera anak indonesia sehat cerdas makanbergizigratis
365,anggapph abang laki gue gtcm gue stunting botol nestle
366,inovasi pendopo blora hadir kebun edukatif atas stunting dukung mandiri pangan
367,bhabinkamtibmas polsek karangsambung bripka teguh prawoto hadir rembug stunting desa karangsambung balaidesa karangsambing polisihadir divhumaspolri poldajateng kebumenpolres
368,inzhapt arsipaja anak keluarga anak maaf stunting itu kurang perhati orang tua gizi anak program hadir lanjut mbak
369,sistem gagal kirim makan politis bongkar biang kerok program stunting efektif
370,pemkab tabalong apresiasi swasta sinergi cepat turun stunting tabalong link berita kait tabalong mediacentertabalong
371,kolaborasi swasta perintah gencar perang lawan stunting tabalong link berita kait tabalong mediacentertabalong
372,lkittendus stop pelihara warga stunting emosional
373,cegah stunting makan gizi manfaatmakanbergizigratis makanbergizigratis programmakanbergizigratis dukungprogrammakanbergizigratis
374,cegah stunting makan gizi manfaatmakanbergizigratis makanbergizigratis programmakanbergizigratis dukungprogrammakanbergizigratis
375,babinsa koramil kelara kodim jeneponto koptu sulaeman hadir langsung giat rembuk stunting tingkat desa kantor desa samataring camat kelara kabupaten jeneponto kamis
376,cegah stunting makan gizi manfaatmakanbergizigratis makanbergizigratis programmakanbergizigratis dukungprogrammakanbergizigratis
377,lostaars burungkenarl stunting anjir
378,jjhyunmu leymu siapfertilisasi gua pikir kangkung ya sih varo stunting
379,brigadir sufiana mayasari polwan karanganyar lawan stunting pekarang gizi
380,program mbak hadir gizi anak penuh tekan angka stunting buka jalan generasi indonesia sehat cerdas saing penuhigiziindonesia
381,program mbak peran rangka gizi anak penuh tekan stunting anak bangsa cerah penuhigiziindonesia
382,chiquitadbt stunting banyak makan ikan asin
383,konsumsi telur kurang risiko stunting
384,program mbak tingkat kualitas sdm cegah stunting cetak generasi unggul sehat cerdas hadap makanbergizigratis
385,wolfgyattt muka jelek mikropenis mana ya hobi indak dek indak dek stunting culun trauma sangka belon puber orang
386,pemkot salatiga dukung ibi atas stunting jatenggayeng
387,zzahraaida updatecakrawala mbak dukung tumbuh kembang anak optimal cepat turun stunting wilayah penuhigiziindonesia makanbergizigratis
388,rangin raih harga daerah komitmen turun stunting
389,ziimey robbi alocasiaa sutisnamuh arsipaja cegah stunting kandung kak sasar kasih hamil
390,turun stunting kemendukbanggabkkbn fokus ubah perilaku dekat keluarga
391,babysuz shibawttt stunting lainn nomz wkwk
392,hai sahbaatsehatkuburaya cegah stunting anak cukup gizi laku imunisasi baik sanitasi cegah stunting cegahstunting stunting dinkeskkr promkeskkr
393,babysuz oneldaily nomzzz stunting
394,sinergi kolaborasi strategis kuat literasi kait sehat perempuan anak keluarga jakarta dukung upaya turun angka prevalensi keras perempuan anak stunting dki jakarta
395,babinsa purwosari koramil girimulyo kodim klp serka heri setiawan senin hadir musyawarah kalurahan rembug stunting bentuk badan hukum bumdes tahan pangan susun rpk pendopo balai kalurahan purwosari kapanewon girimulyo
396,unxpecteduxp arsipaja rakyat stunting wok kerja wok
397,stunting ya dek glynruth
398,genznusantara kerja nyata presiden prabowo polri benerbener bikin harap indonesia bebas stunting
399,workshop cegah stunting guru paud ajar koding cerdas artificial kakak guru tik negeriswasta
400,pksejahtera kapai dukung mbak kapai tuju dana trilyunan program atas stunting sdgkan faktor baik
401,wali kota bandung hadap tantang berat bidang sehat lingkung naik angka stunting tinggi tuberkulosis tbc ancam sakit tular dbd
402,kembar stunting
403,angka stunting bantul turun dinkes fokus cegah remaja
404,pemkab gumas peringkat nilai kerja aksi stunting kalteng
405,ess ancen negara kembang kembang stunting
406,legendhwa eh anjir engak stunting wrsf
407,ziimey alocasiaa sutisnamuh arsipaja eh thooolllol tuju atas stunting program anak anak orang kayak paham blokk thooollloll kaum okegas
408,ziimey yosepfar arsipaja gizi hasil makan cegah stunting
409,hxxvry memecomicindo dasar program salah tuju ngatasin stunting salah dipaksain
410,ziimey alocasiaa sutisnamuh arsipaja penuh gizi akurat gua roti asik biskuat cegah stunting
411,kcgkulitasinn hikenaurace indopopbase kaya nih logika indog mikropenis stunting klimis culun iq jongkok pesek main bola ras babu jongos miskin
412,mdyasmara duit negeri habis bancak maling antero negeri orang pengguran anak stunting fskir miskin tambah bunuh maling habis
413,myukaiyaa stunting kah
414,tanyakanrl baby face stunting stunted loh kayak bocah asli mah keriput dimanamana tua sadar umur kelen btw
415,leosanny alocasiaa sutisnamuh arsipaja haha darimana sumber opini tau orang suka prabowo coba lihat tingkat stunting indonesia hambat generasi anak stunting cerdas fisik akal batas
416,alocasiaa sutisnamuh arsipaja no mbak sasar penuh gizi akurat porsi masingmasing coba uang turun orang tua guna halhal luar mbak perintah tekan angka stunting efisien gen mendtg
417,menkes kan provinsi angka stunting tinggi menteri sehat budi gunadi sadikin provinsi angka stunting tinggi baca lengkap menkes indonesia stunting medical health healthyeating kids
418,trinketsue stunting lumira basicnya gede siii kak
419,sudah program t digunain revitalisasi sekolah bangun sekolah tingkat sejahtera guru cegah stunting arah langsung calon ibuibu hamil bayi hidup
420,stunting kbb mahabu kawas kieu rekah mendukbangga
421,posyandu puskesmas telkom indonesia sinergi stunting hubung atas stunting bas data berita telkomindonesia stuntinghub telkomforyou
422,telkom indonesia dukung hidup stunting hubung teknologi generasi sehat berita telkomindonesia stuntinghub telkomforyou
423,data realtime stunting hubung inisiatif telkom indonesia kunci intervensi gizi cepat berita telkomindonesia stuntinghub telkomforyou
424,stunting hubung telkom indonesia satu teknologi peran kader lokal lawan stunting pamekasan labu bajo makassar senaru berita telkomindonesia stuntinghub telkomforyou
425,telkom indonesia hadir stunting hubung solusi digital nyata pantau cegah stunting berita telkomindonesia stuntinghub telkomforyou
426,astaghfirullah outcomenya ya mbak atas stunting bijak gelontor segitu anggar mangkas anggar bikin giat jalan halhal kayak
427,perintah bentuk dream team tangan stunting
428,pamungkasari yoibanq matchacyi goodpeople haririchardo arsipaja grok sensitif grok kasihan stunting takut kena mental orgnya hahahahaha udahan ah malas urus bio one kau queer for palestine stay indonesia gaberani cundang kurang dana palestina
429,capek banget ya allah bgn doang orang gizi fokus gizi mah tau stunting hpk hidup dll mbak tuh coy sehat apa lihat bentuk mbak snacksnack gula feses tahi buang sampah dimkn racun
430,miatzho ayo geng stunting
431,choowaa geng stunting nih bos
432,arsipaja maju banding stunting diam turun sarkasme
433,nyelesaiin kali gue kasihan stunting tau santacizu
434,masuk geng tb bawah stunting angkat pantat
435,ddesbilue pls stunting
436,rosemartia huaa siapp kak thanks ya tanyaaa proker stunting deh
437,tempodotco program mbak biar stunting rumah bikin ukur kandang kambing pejabathalu
438,wihaji muka tangan stunting tajam kolaborasi antarlembaga
439,nagori bukit rejo camat sidamanik salah desa kerja laksana konvergensi cegah turun stunting tingkat desa dasar data keluar kemendes pdt bangundesabangunindonesia yandrisusanto kemendespdt
440,whos the masterpiece paus roblox whosguyinit unicorn kepala gembok cremekahh panda stunting cremekahh komodo salah gaul buniiesal
441,langkah bupati diri tangan stunting bawa kabupaten diri baik tiga sejatim
442,raesveeans oh makan sih susah ya stunting kakak petite usia terima nasib ya kak operasi kayak implan femur
443,underds mah stunting
444,raesveeans what an kak kakak stunting
445,meowpphu gapapa yuk misi cegah stunting
446,stunting turun persen dpr sorot edukasi pasok gizi lanjut
447,dkp kota tasikmalaya salur tepung ikan kg turun stunting bumil catin
448,program mbak langkah strategis penuh gizi cegah stunting wujud generasi unggul indonesia maju makanbergizi
449,memecomicindo kepalang malu mandeg tau menu digembargemborin pas debat mbak ndasmu stunting
450,program mbak hadir upaya strategis penuh butuh gizi anakanak cegah stunting langkah harap lahir generasi sehat cerdas daya saing
451,sisthaaaaa otak stunting
452,pemkab lampung utara gelar seminar akbar turun stunting bupati aksi nyata
453,angka stunting kbb upaya mendukbangga
454,gemaydeh kayak stunting
455,tanyakanrl sandwich gen anak nder biaya sekolah mahal kasih makan doang nutrisi perhati anak stunting anak ya stop asih kurang
456,anggota dpr usul bgn pusat intervensi gizi tekan angka stunting
457,konsumsi telur kurang risiko stunting
458,hxxvry memecomicindo program salah lucu goblok banget lo mbak capai tuju niat cegah stunting ningkatin cerdas siswa mbak solusi dasar goblok
459,rembug stunting tanggung satu komitmen tekan angka stunting lengkap cek link bio
460,gubernur jambi al haris kuat kerja koordinasi kunci cepat turun stunting provinsi jambi
461,hxxvry memecomicindo programnnya salah niat cegah stunting solusi mbak stunting kurang gizi anak dalam kandung umur aktual kasih makan anak umur lanjur cebol anak
462,guiss pohon pear pendek kah punya stunting tt oiyaa kasih tips biar buah gede pakai sprinkler jumbo banget yhh roblox
463,desa negaraagung luncur program turun angka stunting hari momentum
464,tangan rawan pangan bantu pangan indikasi stunting selasa
465,gubernur al haris kuat kerja koordinasi kunci cepat turun stunting jambi
466,tiwas bacut omonomon owk bieb mbak kurang stunting malnutrisi muat mbak bawah standar gizi racun mbak mandiri ekonomi ngglendotin china gantung negara
467,ketua tppkk inhil hj katerina susanti tegas peran keluarga cegah stunting
468,purpericlilla bahas stunting mas rio
469,babinsa stakholder kait laku giat posyandu balita cegah stunting
470,anggota komisi ix dpr ri fraksi pks muhammad haris sorot masalah stunting asupan gizi anak kait akses air bersih sanitasi layak huni sehat edukasi gizi layan sehat anak
471,surabaya hasil juara papa award upaya turun angka stunting tingkat layan lindung anak bukti pihak anak benarbenar nyata
472,lengkap wakilgubernurdiy kgpaapakualamx rspau pemdadiy jogjaistimewa humasjogja
473,cegah stunting program makan telur minum susu bandung barat
474,atas sehat diy stunting sehat hamil upaya sinergi kolaborasi wakil gubernur diy kgpaa paku alam kali harap rumah sakit pusat tni au rspau suhardi hardjolukito ambil peran
475,harga bukti angka stunting katingan turun signifikan
476,kubu raya kejar target nasional turun stunting
477,qingo nwvvay program stunting kosple prbowo wkwk ya suluh siii bantu narsum bidangizi puskesmas
478,camat eef apresiasi pakai opd upaya turun stunting bnetwork
479,pemdes negara agung gelar rembuk stunting kades bidan desa aktif desa
480,cegah stunting program makan telur minum susu bandung barat fotoabdan syakurafoc lihat lengkap
481,beri makan tambah pantau mutakhir data anak stunting bulukumba
482,tvonenews anggota polri stunting mbah prabowo cumananya
483,beri makan tambah pantau mutakhir data anak stunting bulukumba
484,laksana dashat dapur sehat atas stunting desa cinanjung bkkbn dpakbjabar dppkbpakabsumedang jawabarat
485,laksana dashat dapur sehat atas stunting desa tanjungsari bkkbn dpakbjabar dppkbpakabsumedang jawabarat
486,bangsamsul txtdrimedia negara ribut perang hagemoni lempar rudal lempar tarif embargo indog sibuk ribut gembel murah kacang receh autis down syndrome retard stunting kretin idiot
487,mas dhito sukses tekan angka stunting diri raih peringkat baik sejatim
488,nilai kerja laksana aksi konvergensi cegah cepat turun stunting ppps tingkat kabupatenkota sejawa timur kota mojokerto hasil raih peringkat baca lengkap
489,oot ikut aot bilang levi tuh stunting sih kayak tubuh pendek sih stunting
490,simpananpejubat stunting ye
491,robloxfess perut kayak orang stunting
492,arsipaja stunting
493,bantu sosial tanggulang stunting bhakti sosial bedah rumah rangka bhayangkara satu gerak bhayangkari polres balang kapolres balang akbp dryulianor abdi damping ketua bhayangkari cabang balang nyvina yulianor abdi
494,lanjut mbak keren harga presiden prabowo tugas sppg keras siap makan mbak baik penuh butuh gizi anak indonesia tumbuh sehat cerdas amp kuat program mbak tuju atas stunting mbguntukindonesiahebat pagi cnn
495,foto ikan hiu stunting gue ya
496,serah bantu hamil risiko stunting serah harga nilai kerja laksana aksi konvergensi cegah cepat turun stunting ppps kabupatenkota provinsi jawa timur serah harga nilai kerja
497,heraloebss hasil stunting otak kembang kurir nganter om
498,dompetdhuafaorg ingat sehat nasional hkn layan sehat cumacuma lkc dompethuafa sulsel harga pemkab pangkajene amp pulau pangkep peran bangun kawasan sehat turun stunting tahundompetdhuafa
499,bidan negeri bun program sehat fokus cegah stunting amp deteksi sakit tular wilayah t bidan tugas salam layan terima manfaat tahundompetdhuafa dompetdhuafaorg
500,gizi imbang fondasi generasi unggul program mbak hadir cegah stunting bentuk indonesia sehat kuat mbguntukgenerasiunggul stopstunting sehatsejakdini
501,kena stunting kah
502,zyprazx mimpi orang indonesia garing doang sih bangsa jongos pesek stunting kolom badan hapus ktp pssi lawan timnas cewek kalah kapita goceng iq borderline retard makan beras nasi aking raskin introvert mimpi pengin extrovert jayus
503,imnotbitchyeah tanyarlfes opet stunting kasihan opet disamain
504,cegah stunting kampanye mbak aksi nyata anakanak indonesia sehat makanbergizigratis manfaatmbg cegahstunting dukungmbg indonesiaemas
505,selamat kabupaten diri gtgt nilai kerja kabupaten aksi bangda cepat turun stunting cegahstunting cegahstuntingitupenting kemendagriri bkkbnpusat kemendespdt kemenkesri cddvdd
506,pohon pisang pohon cocoa satu lupa stunting huft butuh makan gizi gratis
507,mdyasmara this is probolinggo bro ekspektasi perintah pelihara stunting bodoh
508,pulang pisau raih hasil positif nilai aksi turun stunting kalteng
509,bimtek kader pangan tanah bumbu kuat edukasi gizi tekan stunting
510,rizkianikhsan kolo muani main jago stunting gagal cetak gol sesal pasang muka happy
511,rs perintah efesiensi karyawan wkwkw ya kuatin tahan negara kuatin sehat noh stunting banget rs perintah non pns tanggung ya gede gaji nauzubillah
512,kebun tanam stunting
513,bijak strategis jalan bupati diri hanindhito himawan pramana cegah cepat turun stunting ppps diri
514,diapaapain otak stunting
515,miziuniverse vote for the next president rafayel from lemuria achievement mukjizat sembuh stunting desa linkon
516,miziuniverse isu stunting desa sembuh ikan lele meter
517,pemkab kubu raya latih kader bangun manusia tekan stunting
518,agisubagio cnnindonesia gerindra prabowo officialmkri program bukti bantu nurunin angka stunting stop ya angka lanjut mbak
519,ellensavv takut stunting euy
520,nonuoci stunting inimah
521,sugarvenomx tanyarlfes pp ya opet stunting suka ngacng sembarang syiball
522,lahachan nih kak pc zodiak ppw smaa pc blosoom ppw smaa pc stunting joongdunk
523,tambah indikator sebab angka stunting tangsel roket persen
524,raja fakta amp stats acane gaji minima rmk bank negara kdnk kesihatan awam kawal gula amp ultraproses diet imbang kunci elak stunting i think that comments should be redirected this gov and their ministerspengarah jabat
525,halowcong asli stunting wkwkw lucu
526,bgn penuh gizi imbang fondasi utama cegah stunting
527,yoig wkwkwkwk stunting
528,fokus tugas lapang kunci tekan stunting banjarmasin
529,damping baduta stunting hamil kayak
530,moodiejeno jenoo lihat jeno anak bilang stunting
531,contoh stunting
532,anak nomor speech delay anak biar bb kasihan anak stunting mumpung kejar pertumbuhannyaa
533,risiko keluarga stunting ri juta faktor jamban layak
534,wabup kobar ingat sinergi tangan stunting
535,sidaya lansia daya superapps keluarga kirab konvoi transformasi keluarga kualitas menteri wihaji tekan hidup kunci cegah stunting
536,sabang merauke miangas rote menteri duduk bangun keluargakepala bkkbn wihaji mpd genting cegah stunting tamasya taman asuh sayang anak gati gera ayah teladan indonesia
537,prestasi gemilang kota mojokerto raih predikat baik tangan stunting sejawa timur
538,takluk surabaya amp diri kota mojokerto pimpin tangan stunting jatim
539,menkes budi sadikin intervensi gizi hamil kunci turun stunting fokus provinsi
540,iyaaziiii txtdrimedia bikin pmt lokal balita stunting data kocak bilang gilir kritik terima pmt uang potang potong wqwq porsi kena potong makan full prohe
541,iyaaziiii txtdrimedia gilir suruh bikin lapor honor langsung asih data langsung salin januari juni bayi balita gizi bilang lapor desa tau stunting
542,komisi ix dpr gelar raker menkes bahas stunting hasil survei gizi indonesia
543,risiko keluarga stunting ri juta faktor jamban layak
544,menkes angka stunting nasional turun persen lampau target
545,langkah progresif fgd rekomendasi hukum tangan gizi buruk stunting lengkap kementerianhukum kanwilkemenkumsulteng layananhukummakinmudah kerjaterlaksana
546,bhabinkamtibmas hadir rakor tangan stunting simangambat dorong kolaborasi lintas sektor
547,konteksinfo angka stunting indonesia turun prevalensi turun kira zd stunting cegahstunting gizianak kesehatananak stuntingindonesia anaksehat keluargasehat generasisehat
548,menkes budi gunadi sadikin kabar angka stunting indonesia angka persen kali
549,kemenkum sulteng dorong reformasi perda fokus sehat gizi aksi lapang lengkap kementerianhukum kanwilkemenkumsulteng layananhukummakinmudah kerjaterlaksana
550,menkes budi gunadi sadikin kabar angka stunting indonesia angka persen kali
551,babinsa desa pising kopda muh akbar hadir rembug stunting rangka konvergensi cegah tangan stunting desa pising kec donri donri kabsoppeng selasa
552,program mbak nilai efektif cegah stunting gerak ekonomi warga
553,menteri sehat budi gunadi sadikin program tangan stunting indonesia koordinasi wakil presiden sepenuh tanggung kemenkes stunting
554,kota mojokerto raih predikat baik tangan stunting sejawa timur sehat stunting penangananstunting penurunanstunting harga harganas kotamojokerto pemkotmojokerto
555,chinzhillaion polcasan nista bayi pintar bikin stunting
556,lantun hitung cepat lafal dengar anneke henti langkah lanjut we zoning banget we stunting on and on and on and
557,fieruki wkwkkw jual anak stunting
558,kemenkum sulteng tinjau raperda gizi sehat ibuanak fokus utama lengkap kementerianhukum kanwilkemenkumsulteng layananhukummakinmudah kerjaterlaksana
559,dpr ri bgn mitra kerja gerak atas masalah gizi masyarakat sosialisasi program mbak langkah nyata cegah stunting malnutrisi anakanak hamil lanjut mbak mbgnutrisiuntukmasadepan loveisland
560,konsisten turun stunting cegah kawin anak surabaya sabet harga ericahyadi pemkotsurabaya stunting
561,gumas peringkat sekalteng nilai kerja aksi stunting
562,babinsa purwosari koramil girimulyo kodim kulon progo serka heri setiawan senin hadir musyawarah kalurahan rembug stunting bentuk badan hukum bumdes tahan pangan susun rpk pendopo balkal purwosari kapanewon girimulyo
563,lanjut mbak keren ucap terima kasih anak anak sekolah presiden prabowo libur sekolah terima mbak program mbak tuju atas stunting tingkat kualitas gizi anak indonesia mbgnutrisiuntukmasadepan loveisland bayangkara
564,bangga pemkot mojokerto sabet juara tangan stunting sejawa timur kabarterdepan mojokerto stunting jawapride juara
565,fgd makan gizi gratis gelar kemenkum sulteng dorong aksi nyata turun stunting lengkap kementerianhukum kanwilkemenkumsulteng layananhukummakinmudah kerjaterlaksana
566,ardalyn timothyronald kalimasada terima kasih bu dok bagi konten gratis isi daging dokter porto stunting
567,kader posyandu rapp bangun harap anak tumbuh sehat kuat coaching kap sahabatrapp asiapacificrayon lifeatapril rapp kaderposyandu stunting kesehatananak
568,kubu raya kejar target nasional turun stunting kalbarsatu
569,taynewvie yais stunting
570,giat rembuk stunting desa grogol
